device,total_sessions,total_transactions,total_revenue,total_bounces,conversion_rate,revenue_share,bounce_rate
desktop,314707,6061.0,992034.77,151741.0,1.9259183939346756,96.41448272434997,48.21659511863416
mobile,134032,511.0,32662.64,72361.0,0.3812522382714576,3.1744366581139714,53.987853646890294
tablet,18521,74.0,4229.72,9508.0,0.39954646077425626,0.4110806175360543,51.33632093299498
