month,month_name,total_sessions,total_transactions,total_revenue,total_bounces,conversion_rate,bounce_rate,avg_order_value,revenue_per_session,revenue_index
1,Jan,64694,713,106248.15,31326,1.1021114786533528,48.421801094382786,149.0156381486676,1.64231845302501,100.0
2,Feb,62192,733,116111.6,31279,1.1786081811165423,50.294250064316955,158.40600272851296,1.866986107537947,109.2834086993515
3,Mar,69931,993,150224.69999999998,35916,1.4199711143841787,51.35919692268093,151.28368580060422,2.148184639144299,141.3904147978106
4,Apr,67126,959,222767.98,34535,1.4286565563269076,51.44802312069838,232.29194994786238,3.3186541727497545,209.667631859943
5,May,65371,1160,135952.0,31205,1.77448715791406,47.73523427819676,117.2,2.079698949075278,127.95705148748473
6,Jun,63578,971,127992.84,31703,1.5272578564912391,49.86473308377112,131.81548918640576,2.0131624146717417,120.46594693648784
7,Jul,71812,1072,160739.86,36408,1.4927867208823038,50.69904751295048,149.94389925373133,2.238342616832841,151.2872082949209
8,Aug,2556,45,8890.0,1238,1.7605633802816902,48.43505477308294,197.55555555555554,3.4780907668231613,8.36720451132561
