day_of_week,total_sessions,total_transactions,total_revenue,conversion_rate
Monday,71777,1129,160786.45,1.5729272608217117
Tuesday,77210,1173,242653.8,1.5192332599404221
Wednesday,76885,1170,218708.18,1.5217532678675945
Thursday,74158,1095,166483.25,1.4765770382157015
Friday,65913,1083,161211.95,1.643074962450503
Saturday,49393,492,36449.3,0.9960925637236046
Sunday,51924,504,42634.2,0.9706494106771435
